x,y,z
0,3,0
7.694444444444448,3,0
7.7584249462576285,3.0075783767872295,0
7.822383134195212,3.0153428215668434,0
7.886318467135734,3.023293268647361,0
7.950230404151075,3.0314296507636307,0
8.014118404511077,3.039751899077384,0
8.07798192768809,3.0482599431778077,0
8.141820433361545,3.0569537110821727,0
8.205633381422558,3.0658331292364203,0
8.269420231978454,3.0748981225157763,0
8.333180445357375,3.084148614225416,0
8.396913482112813,3.0935845261010826,0
8.460618803028193,3.1032057783097713,0
8.524295869121447,3.1130122894503884,0
8.587944141649531,3.1230039765544575,0
8.651563082113038,3.1331807550868014,0
8.715152152260705,3.1435425389462743,0
8.778710814093996,3.154089240466476,0
8.842238529871654,3.1648207704165188,0
8.905734762114228,3.175737038001735,0
8.969198973608648,3.1868379508645077,0
9.032630627412752,3.1981234150849964,0
9.096029186859827,3.2095933351819603,0
9.15939411556317,3.2212476141135653,0
9.2227248774206,3.233086153278194,0
9.286020936619018,3.245108852515294,0
9.349281757638922,3.2573156101062075,0
9.412506805258936,3.269706322775047,0
9.475695544560368,3.2822808856895627,0
9.538847440931693,3.2950391924620313,0
9.601961960073115,3.307981135150154,0
9.665038568001055,3.3211066042579738,0
9.728076731052688,3.334415488736795,0
9.791075915890465,3.347907675986132,0
9.854035589506594,3.3615830518546517,0
9.916955219227592,3.375441500641145,0
9.979834272718755,3.389482905095516,0
10.042672217988672,3.4037071464197446,0
10.105468523393746,3.41811410426892,0
10.168222657642668,3.432703656752256,0
10.230934089800911,3.447475680434099,0
10.29360228929525,3.462430050335005,0
10.356226725918216,3.477566639932771,0
10.418806869832611,3.492885321163513,0
10.481342191575962,3.508385964422761,0
10.543832162065035,3.5240684385665375,0
10.606276252600278,3.5399326109124836,0
10.66867393487031,3.5559783472409627,0
10.7310246809564,3.57220551179622,0
10.793327963336914,3.588613967287504,0
10.855583254891783,3.6052035748902576,0
10.917790028906982,3.6219741942472616,0
10.97994775907895,3.63892568346985,0
11.04205591951909,3.656057899139089,0
11.10411398475817,3.6733706963070105,0
11.166121429750795,3.690863928497812,0
11.22807772987986,3.7085374477091264,0
11.289982360960954,3.7263911044132527,0
11.351834799246829,3.7444247475584262,0
11.41363452143181,3.7626382245701,0
11.475381004656223,3.781031381352232,0
11.537073726510844,3.7996040622885943,0
11.598712165041277,3.8183561102440784,0
11.660295798752415,3.837287366566045,0
11.721824106612814,3.8563976710856345,0
11.783296568059116,3.87568686211916,0
11.844712663000472,3.895154776469443,0
11.906071871822899,3.9148012494272137,0
11.96737367539373,3.934626114772499,0
12.02861755506596,3.954629204776026,0
12.089802992682648,3.974810350200638,0
12.150929470581323,3.9951693803027375,0
12.211996471598333,4.015706122833727,0
12.273003479073228,4.036420404041458,0
12.333949976853155,4.057312048671712,0
12.394835449297187,4.0783808799696715,0
12.455659381280723,4.099626719681428,0
12.516421258199813,4.121049388055486,0
12.577120565975529,4.1426487038442765,0
12.637756791058322,4.164424484305702,0
12.698329420432348,4.186376545204666,0
12.758837941619825,4.208504700814661,0
12.819281842685356,4.230808763919303,0
12.879660612240261,4.253288545813941,0
12.939973739446927,4.275943856307251,0
13.000220714023087,4.298774503722829,0
13.060401026246183,4.321780294900837,0
13.120514166957644,4.344961035199621,0
13.180559627567208,4.3683165284973455,0
13.240536900057235,4.3918465771936965,0
13.300445476986976,4.415550982211503,0
13.360284851496905,4.43942954299845,0
13.42005451731297,4.463482057528772,0
13.479753968750895,4.487708322304954,0
13.53938270072047,4.512108132359465,0
13.598940208729788,4.536681281256477,0
13.658425988889563,4.56142756109363,0
13.717839537917342,4.586346762503769,0
13.777180353141796,4.6114386746567355,0
13.836447932506971,4.636703085261143,0
13.895641774576514,4.6621397805661715,0
13.95476137853795,4.687748545363373,0
14.013806244206881,4.713529162988511,0
14.07277587203124,4.7394814153233575,0
14.131669763095523,4.765605082797581,0
14.190487419124988,4.791899944390568,0
14.249228342489896,4.818365777633325,0
14.307892036209703,4.84500235861033,0
14.366478003957257,4.871809461961448,0
14.424985750063035,4.898786860883824,0
14.483414779519293,4.925934327133817,0
14.54176459798429,4.953251631028923,0
14.600034711786437,4.9807385414497105,0
14.658224627928492,5.008394825841787,0
14.716333854091745,5.036220250217767,0
14.77436189864015,5.064214579159241,0
14.832308270624514,5.09237757581878,0
14.890172479786631,5.120709001921927,0
14.947954036563441,5.149208617769222,0
15.005652452091171,5.177876182238229,0
15.06326723820946,5.2067114527855765,0
15.120797907465516,5.235714185449002,0
15.1782439731182,5.264884134849417,0
15.235604949142175,5.294221054192999,0
15.292880350232018,5.323724695273263,0
15.350069691806302,5.353394808473162,0
15.407172490011725,5.383231142767212,0
15.464188261727179,5.413233445723598,0
15.521116524567848,5.443401463506319,0
15.577956796889302,5.473734940877343,0
15.63470859779154,5.5042336211987575,0
15.691371447123096,5.534897246434937,0
15.747944865485072,5.565725557154732,0
15.804428374235206,5.596718292533662,0
15.86082149549193,5.627875190356136,0
15.917123752138389,5.659195987017636,0
15.97333466782651,5.690680417526995,0
16.029453766981,5.72232821550859,0
16.085480574803388,5.754139113204634,0
16.141414617276048,5.786112841477426,0
16.19725542116618,5.818249129811619,0
16.253002514029863,5.850547706316529,0
16.308655424215996,5.88300829772842,0
16.36421368087032,5.915630629412817,0
16.419676813939418,5.948414425366845,0
16.47504435417464,5.9813594082215396,0
16.53031583313613,6.014465299244211,0
16.585490783196747,6.047731818340804,0
16.64056873754604,6.081158684058245,0
16.69554923019421,6.114745613586862,0
16.75043179597601,6.148492322762738,0
16.805215970554737,6.182398526070141,0
16.859901290426116,6.216463936643926,0
16.914487292922235,6.250688266271965,0
16.96897351621547,6.285071225397594,0
17.023359499322382,6.319612523122057,0
17.07764478210762,6.35431186720696,0
17.131828905287804,6.389168964076749,0
17.18591141043543,6.424183518821199,0
17.239891839982736,6.459355235197911,0
17.293769737225574,6.494683815634794,0
17.34754464632728,6.530168961232615,0
17.401216112322523,6.565810371767512,0
17.45478368112115,6.601607745693528,0
17.508246899512056,6.637560780145186,0
17.56160531516697,6.673669170940016,0
17.614858476644343,6.709932612581156,0
17.668005933393104,6.7463507982599324,0
17.721047235756515,6.782923419858449,0
17.77398193497597,6.819650167952194,0
17.826809583194766,6.856530731812665,0
17.87952973346193,6.893564799409987,0
17.932141939735967,6.930752057415567,0
17.984645756888654,6.968092191204732,0
18.03704074070879,7.005584884859395,0
18.089326447905982,7.043229821170733,0
18.141502436114365,7.081026681641866,0
18.193568263896356,7.118975146490541,0
18.245523490746393,7.157074894651867,0
18.297367677094662,7.195325603780994,0
18.34910038431081,7.233726950255875,0
18.400721174707652,7.272278609179978,0
18.452229611544894,7.310980254385051,0
18.503625259032805,7.349831558433866,0
18.554907682335916,7.388832192623013,0
18.6060764475767,7.427981826985658,0
18.657131121839242,7.467280130294345,0
18.708071273172884,7.506726770063789,0
18.758896470595918,7.546321412553716,0
18.809606284099193,7.586063722771652,0
18.86020028464977,7.6259533644757695,0
18.910678044194565,7.665990000177757,0
18.96103913566394,7.706173291145625,0
19.011283132975343,7.746502897406625,0
19.0614096110369,7.786978477750079,0
19.11141814575101,7.827599689730302,0
19.16130831401796,7.868366189669487,0
19.211079693739443,7.909277632660597,0
19.2607318638222,7.950333672570313,0
19.310264404181545,7.9915339620419275,0
19.359676895744922,8.03287815249832,0
19.40896892045545,8.07436589414489,0
19.458140061275472,8.115996835972489,0
19.507189902190063,8.157770625760449,0
19.556118028210573,8.199686910079503,0
19.604924025378132,8.241745334294823,0
19.65360748076713,8.283945542568986,0
19.70216798248874,8.326287177864998,0
19.750605119694388,8.368769881949323,0
19.798918482579236,8.411393295394898,0
19.847107662385632,8.454157057584187,0
19.8951722514066,8.49706080671222,0
19.943111842989246,8.540104179789662,0
19.990926031538255,8.583286812645884,0
20.03861441251926,8.626608339932048,0
20.086176582462315,8.670068395124186,0
20.133612138965276,8.7136666105263,0
20.180920680697227,8.757402617273502,0
20.22810180740187,8.801276045335094,0
20.2751551199009,8.845286523517725,0
20.32208022009739,8.889433679468532,0
20.368876710979166,8.933717139678265,0
20.415544196622157,8.978136529484484,0
20.46208228219374,9.02269147307469,0
20.50849057395611,9.067381593489547,0
20.554768679269564,9.112206512626035,0
20.60091620659585,9.157165851240661,0
20.646932765501496,9.202259228952672,0
20.69281796666109,9.247486264247275,0
20.738571421860556,9.292846574478858,0
20.784192744000492,9.338339775874227,0
20.829681547099398,9.383965483535853,0
20.875037446296957,9.42972331144514,0
20.920260057857305,9.475612872465677,0
20.965348999172246,9.521633778346514,0
21.010303888764525,9.56778563972546,0
21.055124346291024,9.614068066132363,0
21.09980999254601,9.66048066599242,0
21.144360449464312,9.707023046629487,0
21.188775340124547,9.753694814269407,0
21.23305428875229,9.800495574043337,0
21.277196920723263,9.847424929991085,0
21.321202862566498,9.894482485064472,0
21.365071741967512,9.941667841130677,0
21.40880318777144,9.988980598975616,0
21.452396829986167,10.036420358307314,0
21.495852299785493,10.083986717759297,0
21.539169229512222,10.131679274893976,0
21.582347252681284,10.179497626206073,0
21.62538600398284,10.227441367126014,0
21.66828511928536,10.275510092023355,0
21.711044235638717,10.323703394210229,0
21.75366299127725,10.37202086594477,0
21.796141025622827,10.420462098434571,0
21.838477979287898,10.469026681840148,0
21.880673494078525,10.517714205278388,0
21.922727212997437,10.566524256826039,0
21.964638780247014,10.615456423523208,0
22.006407841232335,10.664510291376821,0
22.04803404256415,10.713685445364161,0
22.089517032061877,10.762981469436356,0
22.130856458756604,10.812397946521907,0
22.172051972894014,10.861934458530218,0
22.213103225937388,10.91159058635513,0
22.25400987057053,10.961365909878472,0
22.294771560700706,11.011260007973606,0
22.335387951461584,11.061272458508995,0
22.37585869921614,11.111402838351786,0
22.41618346155957,11.161650723371368,0
22.45636189732219,11.212015688442976,0
22.49639366657232,11.262497307451284,0
22.53627843061915,11.313095153294004,0
22.57601585201563,11.363808797885511,0
22.6156055945613,11.414637812160462,0
22.65504732330514,11.465581766077413,0
22.694340704548424,11.516640228622473,0
22.733485405847514,11.567812767812942,0
22.772481096016687,11.619098950700977,0
22.81132744513095,11.67049834337724,0
22.85002412452879,11.722010510974572,0
22.888570806815014,11.773635017671685,0
22.926967165863466,11.825371426696833,0
22.965212876819812,11.877219300331522,0
23.003307616104298,11.929178199914201,0
23.041251061414442,11.981247685843979,0
23.079042891727823,12.03342731758434,0
23.11668278730475,12.085716653666884,0
23.154170429690993,12.138115251695039,0
23.19150550172046,12.190622668347833,0
23.228687687517887,12.243238459383614,0
23.265716672501522,12.295962179643825,0
23.30259214338577,12.348793383056773,0
23.33931378818384,12.4017316226414,0
23.375881296210416,12.45477645051106,0
23.412294358084246,12.507927417877307,0
23.448552665730784,12.561184075053703,0
23.484655912384788,12.614545971459616,0
23.520603792592922,12.668012655624025,0
23.55639600221633,12.72158367518936,0
23.592032238433223,12.775258576915297,0
23.627512199741417,12.829036906682632,0
23.662835585960917,12.88291820949709,0
23.69800209823643,12.936902029493194,0
23.733011439039906,12.990987909938108,0
23.767863312173052,13.04517539323551,0
23.802557422769834,13.099464020929469,0
23.837093477298982,13.153853333708314,0
23.871471183566463,13.208342871408519,0
23.905690250717964,13.2629321730186,0
23.939750389241336,13.31762077668302,0
23.97365131096906,13.372408219706086,0
24.00739272908068,13.427294038555877,0
24.040974358105228,13.482277768868153,0
24.074395913923635,13.53735894545029,0
24.10765711377114,13.592537102285212,0
24.140757676239687,13.647811772535345,0
24.173697321280297,13.703182488546554,0
24.206475770205447,13.758648781852102,0
24.239092745691405,13.814210183176613,0
24.271547971780617,13.869866222440052,0
24.303841173883995,13.925616428761694,0
24.335972078783282,13.9814603304641,0
24.36794041463333,14.037397455077132,0
24.39974591096443,14.093427329341921,0
24.431388298684567,14.149549479214885,0
24.46286731008173,14.205763429871752,0
24.49418267882615,14.262068705711552,0
24.525334139972575,14.318464830360666,0
24.556321429962495,14.374951326676829,0
24.587144286626376,14.431527716753193,0
24.617802449185895,14.488193521922355,0
24.648295658256114,14.544948262760418,0
24.678623655847698,14.601791459091025,0
24.708786185369092,14.658722629989454,0
24.738782991628703,14.715741293786657,0
24.768613820837036,14.772846968073358,0
24.79827842060885,14.830039169704117,0
24.827776539965306,14.887317414801426,0
24.857107929336077,14.944681218759806,0
24.886272340561465,15.002130096249898,0
24.915269526894498,15.059663561222578,0
24.944099243003016,15.117281126913067,0
24.972761244971753,15.174982305845038,0
25.001255290304396,15.232766609834758,0
25.02958113792564,15.290633549995214,0
25.057738548183213,15.34858263674023,0
25.085727282849938,15.406613379788645,0
25.113547105125704,15.464725288168422,0
25.14119777963951,15.522917870220839,0
25.16867907245142,15.581190633604614,0
25.195990751054577,15.63954308530009,0
25.223132584377147,15.697974731613414,0
25.250104342784272,15.756485078180686,0
25.27690579808004,15.815073629972181,0
25.303536723509385,15.873739891296491,0
25.329996893760008,15.932483365804753,0
25.35628608496432,15.991303556494845,0
25.38240407470128,16.050199965715567,0
25.408350641998325,16.10917209517089,0
25.434125567333215,16.168219445924134,0
25.459728632635887,16.2273415184022,0
25.485159621290325,16.28653781239983,0
25.510418318136356,16.345807827083775,0
25.535504509471515,16.4051510609971,0
25.5604179830528,16.46456701206337,0
25.58515852809852,16.52405517759094,0
25.60972593529005,16.58361505427719,0
25.63411999677359,16.64324613821277,0
25.658340506161963,16.702947924885894,0
25.682387258536323,16.762719909186583,0
25.70626005044791,16.82256158541094,0
25.72995867991976,16.882472447265464,0
25.753482946448433,16.94245198787127,0
25.776832651005673,17.00249969976843,0
25.800007596040132,17.06261507492026,0
25.823007585479022,17.122797604717583,0
25.84583242472977,17.183046779983083,0
25.868481920681674,17.24336209097557,0
25.890955881707526,17.303743027394304,0
25.91325411766525,17.36418907838334,0
25.935376439899493,17.424699732535807,0
25.957322661243236,17.485274477898265,0
25.979092596019363,17.54591280197503,0
26.00068606004224,17.606614191732497,0
26.022102870619285,17.6673781336035,0
26.04334284655248,17.728204113491635,0
26.06440580813995,17.789091616775647,0
26.085291577177433,17.850040128313733,0
26.105999976959836,17.911049132447936,0
26.126530832282697,17.972118113008506,0
26.14688396944367,18.033246553318243,0
26.16705921624403,18.094433936196907,0
26.187056401990066,18.155679743965557,0
26.206875357494585,18.216983458450933,0
26.226515915078316,18.278344560989883,0
26.245977908571334,18.339762532433696,0
26.265261173314457,18.40123685315253,0
26.28436554616065,18.462767003039794,0
26.303290865476402,18.524352461516543,0
26.322036971143103,18.585992707535915,0
26.34060370455837,18.647687219587482,0
26.358990908637427,18.70943547570173,0
26.3771984278144,18.771236953454416,0
26.395226108043655,18.833091129971017,0
26.4130737968011,18.894997481931156,0
26.430741343085458,18.95695548557302,0
26.44822859741957,19.018964616697794,0
26.46553541185163,19.0810243506741,0
26.482661639956465,19.14313416244242,0
26.499607136836758,19.20529352651957,0
26.51637175912428,19.2675019170031,0
26.5329553649811,19.3297588075758,0
26.549357814100777,19.3920636715101,0
26.565578967709566,19.454415981672554,0
26.581618688567584,19.516815210528307,0
26.597476840969957,19.57926083014552,0
26.61315329074799,19.6417523121999,0
26.62864790527029,19.70428912797909,0
26.64396055344389,19.766870748387216,0
26.65909110571535,19.829496643949323,0
26.67403943407188,19.892166284815858,0
26.688805412042388,19.95487914076717,0
26.70338891469857,20.017634681217974,0
26.717789818655973,20.08043237522185,0
26.732008002075016,20.143271691475753,0
26.74604334466205,20.206152098324466,0
26.75989572767034,20.26907306376514,0
26.77356503390111,20.332034055451782,0
26.7870511477045,20.39503454069973,0
26.80035395498057,20.458073986490213,0
26.813473343180238,20.521151859474816,0
26.826409201306266,20.58426762598001,0
26.839161419914173,20.64742075201168,0
26.85172989111317,20.710610703259604,0
26.86411450856707,20.77383694510202,0
26.876315167495196,20.837098942610123,0
26.888331764673254,20.90039616055258,0
26.900164198434222,20.963728063400104,0
26.911812368669192,21.027094115329916,0
26.923276176828235,21.090493780230357,0
26.93455552592123,21.15392652170536,0
26.945650320518663,21.217391803079,0
26.95656046675247,21.28088908740008,0
26.967285872316815,21.344417837446617,0
26.977826446468853,21.407977515730423,0
26.988182100029533,21.471567584501628,0
26.99835274538432,21.535187505753246,0
27.008338296483956,21.598836741225732,0
27.018138668845186,21.662514752411514,0
27.027753779551464,21.72622100055957,0
27.03718354725366,21.789954946679966,0
27.046427892170747,21.853716051548442,0
27.055486736090486,21.917503775710962,0
27.064360002370062,21.981317579488252,0
27.073047615936762,22.04515692298042,0
27.081549503288596,22.10902126607148,0
27.089865592494913,22.17291006843392,0
27.097995813197024,22.236822789533328,0
27.105940096608784,22.30075888863289,0
27.113698375517185,22.364717824798017,0
27.12127058428291,22.428699056900903,0
27.128656658840917,22.49270204362511,0
27.13585653670094,22.556726243470138,0
27.14287015694805,22.62077111475601,0
27.149697460243164,22.684836115627874,0
27.156338388823535,22.748920704060556,0
27.16279288650325,22.81302433786315,0
27.169060898673713,22.87714647468365,0
27.175142372304084,22.94128657201346,0
27.18103725594175,23.005444087192075,0
27.186745499712753,23.069618477411588,0
27.192267055322205,23.13380919972133,0
27.19760187605471,23.198015711032472,0
27.202749916774746,23.26223746812257,0
27.207711133927052,23.326473927640226,0
27.212485485537005,23.39072454610962,0
27.217072931210964,23.45498877993516,0
27.22147343213661,23.519266085406056,0
27.22568695108328,23.583555918700917,0
27.229713452402287,23.647857735892373,0
27.233552902027213,23.712170992951656,0
27.237205267474206,23.7764951457532,0
27.240670517842236,23.84082965007928,0
27.243948623813385,23.905173961624566,0
27.247039557653064,23.969527536000772,0
27.24994329321028,24.033889828741238,0
27.252659805917826,24.09826029530553,0
27.255189072792508,24.16263839108408,0
27.257531072435345,24.227023571402757,0
27.25968578503172,24.29141529152749,0
27.261653192351584,24.355813006668892,0
27.263433277749588,24.420216171986837,0
27.265026026165227,24.48462424259511,0
27.266431424122977,24.54903667356597,0
27.267649459732397,24.613452919934794,0
27.26868012268823,24.67787243670469,0
27.269523404270505,24.742294678851078,0
27.270179297344594,24.80671910132634,0
27.27064779636128,24.87114515906439,0
27.270928897356807,24.93557230698532,0
27.2710225979529,25,0
27.270928897356807,25.064427693014675,0
27.27064779636128,25.12885484093561,0
27.270179297344594,25.19328089867366,0
27.269523404270505,25.257705321148915,0
27.26868012268823,25.32212756329531,0
27.267649459732397,25.386547080065203,0
27.266431424122977,25.45096332643403,0
27.265026026165227,25.51537575740489,0
27.263433277749588,25.579783828013156,0
27.261653192351584,25.644186993331108,0
27.25968578503172,25.708584708472507,0
27.257531072435345,25.772976428597243,0
27.255189072792508,25.83736160891592,0
27.252659805917826,25.901739704694464,0
27.24994329321028,25.966110171258762,0
27.247039557653068,26.03047246399922,0
27.243948623813385,26.09482603837543,0
27.240670517842236,26.15917034992072,0
27.237205267474206,26.223504854246794,0
27.233552902027213,26.287829007048344,0
27.229713452402287,26.352142264107624,0
27.22568695108328,26.41644408129908,0
27.22147343213661,26.480733914593944,0
27.217072931210964,26.545011220064836,0
27.212485485537005,26.60927545389038,0
27.207711133927052,26.67352607235977,0
27.202749916774746,26.737762531877422,0
27.19760187605471,26.801984288967528,0
27.192267055322205,26.866190800278662,0
27.186745499712753,26.930381522588412,0
27.18103725594175,26.99455591280792,0
27.175142372304084,27.058713427986532,0
27.169060898673713,27.12285352531635,0
27.162792886503254,27.18697566213684,0
27.156338388823535,27.251079295939444,0
27.149697460243164,27.31516388437212,0
27.142870156948053,27.379228885243982,0
27.13585653670094,27.443273756529862,0
27.128656658840917,27.507297956374888,0
27.12127058428291,27.571300943099097,0
27.113698375517185,27.635282175201983,0
27.105940096608784,27.699241111367108,0
27.097995813197024,27.763177210466672,0
27.089865592494913,27.82708993156607,0
27.081549503288596,27.89097873392852,0
27.073047615936762,27.95484307701958,0
27.064360002370062,28.018682420511745,0
27.055486736090486,28.082496224289038,0
27.046427892170747,28.14628394845155,0
27.03718354725366,28.210045053320034,0
27.027753779551464,28.27377899944043,0
27.018138668845186,28.337485247588482,0
27.008338296483956,28.401163258774268,0
26.99835274538432,28.464812494246747,0
26.988182100029533,28.528432415498372,0
26.977826446468853,28.592022484269577,0
26.967285872316815,28.655582162553376,0
26.95656046675247,28.71911091259992,0
26.945650320518666,28.782608196920997,0
26.93455552592123,28.84607347829464,0
26.923276176828235,28.909506219769643,0
26.911812368669196,28.972905884670077,0
26.900164198434222,29.036271936599896,0
26.888331764673254,29.099603839447415,0
26.876315167495196,29.162901057389877,0
26.86411450856707,29.22616305489798,0
26.85172989111317,29.289389296740392,0
26.839161419914173,29.35257924798832,0
26.826409201306266,29.41573237401998,0
26.813473343180238,29.478848140525184,0
26.80035395498057,29.541926013509787,0
26.787051147704503,29.604965459300267,0
26.77356503390111,29.667965944548218,0
26.75989572767034,29.73092693623485,0
26.74604334466205,29.79384790167553,0
26.732008002075016,29.856728308524247,0
26.717789818655973,29.919567624778146,0
26.70338891469857,29.982365318782026,0
26.688805412042388,30.045120859232824,0
26.67403943407188,30.10783371518414,0
26.65909110571535,30.170503356050677,0
26.64396055344389,30.23312925161278,0
26.62864790527029,30.29571087202091,0
26.61315329074799,30.358247687800098,0
26.597476840969957,30.42073916985447,0
26.581618688567584,30.483184789471693,0
26.56557896770957,30.54558401832744,0
26.549357814100777,30.6079363284899,0
26.5329553649811,30.670241192424196,0
26.51637175912428,30.732498082996898,0
26.499607136836758,30.79470647348043,0
26.482661639956465,30.856865837557578,0
26.46553541185163,30.9189756493259,0
26.448228597419572,30.9810353833022,0
26.430741343085458,31.043044514426978,0
26.4130737968011,31.105002518068844,0
26.39522610804366,31.16690887002898,0
26.3771984278144,31.228763046545584,0
26.358990908637427,31.29056452429827,0
26.340603704558372,31.35231278041251,0
26.322036971143103,31.414007292464085,0
26.303290865476402,31.47564753848345,0
26.28436554616065,31.537232996960206,0
26.265261173314457,31.59876314684747,0
26.245977908571334,31.6602374675663,0
26.226515915078316,31.721655439010117,0
26.20687535749459,31.783016541549063,0
26.187056401990066,31.844320256034443,0
26.16705921624403,31.905566063803093,0
26.146883969443675,31.96675344668175,0
26.126530832282697,32.027881886991494,0
26.10599997695984,32.08895086755206,0
26.085291577177433,32.149959871686264,0
26.06440580813995,32.21090838322436,0
26.04334284655248,32.27179588650836,0
26.022102870619285,32.3326218663965,0
26.000686060042245,32.3933858082675,0
25.979092596019363,32.454087198024965,0
25.957322661243236,32.514725522101735,0
25.935376439899496,32.575300267464186,0
25.91325411766525,32.63581092161666,0
25.890955881707526,32.69625697260569,0
25.868481920681674,32.75663790902443,0
25.84583242472977,32.81695322001691,0
25.823007585479026,32.87720239528241,0
25.800007596040132,32.93738492507974,0
25.776832651005673,32.997500300231565,0
25.753482946448433,33.057548012128734,0
25.72995867991976,33.117527552734536,0
25.706260050447913,33.177438414589055,0
25.682387258536323,33.237280090813414,0
25.658340506161966,33.2970520751141,0
25.634119996773595,33.356753861787226,0
25.60972593529005,33.41638494572281,0
25.585158528098525,33.475944822409055,0
25.5604179830528,33.53543298793663,0
25.535504509471515,33.5948489390029,0
25.51041831813636,33.654192172916225,0
25.485159621290325,33.71346218760017,0
25.45972863263589,33.772658481597794,0
25.434125567333215,33.83178055407586,0
25.40835064199833,33.8908279048291,0
25.382404074701284,33.94980003428443,0
25.35628608496432,34.00869644350516,0
25.32999689376001,34.06751663419524,0
25.303536723509385,34.126260108703505,0
25.276905798080044,34.18492637002782,0
25.250104342784276,34.24351492181931,0
25.223132584377147,34.302025268386586,0
25.19599075105458,34.36045691469991,0
25.16867907245142,34.41880936639539,0
25.141197779639512,34.477082129779156,0
25.113547105125708,34.535274711831576,0
25.085727282849938,34.593386620211355,0
25.057738548183217,34.65141736325977,0
25.02958113792564,34.70936645000479,0
25.001255290304396,34.767233390165245,0
24.972761244971753,34.82501769415496,0
24.944099243003016,34.88271887308693,0
24.915269526894498,34.940336438777415,0
24.886272340561465,34.9978699037501,0
24.857107929336077,35.055318781240196,0
24.827776539965306,35.11268258519857,0
24.79827842060885,35.169960830295885,0
24.768613820837036,35.22715303192664,0
24.738782991628703,35.284258706213336,0
24.708786185369092,35.341277370010545,0
24.678623655847698,35.398208540908975,0
24.648295658256114,35.455051737239586,0
24.6178024491859,35.51180647807764,0
24.58714428662638,35.568472283246805,0
24.556321429962495,35.62504867332317,0
24.52533413997258,35.68153516963933,0
24.49418267882615,35.737931294288444,0
24.46286731008173,35.79423657012825,0
24.431388298684567,35.85045052078511,0
24.39974591096443,35.90657267065808,0
24.367940414633335,35.962602544922866,0
24.335972078783282,36.0185396695359,0
24.303841173883995,36.0743835712383,0
24.271547971780617,36.13013377755995,0
24.239092745691405,36.18578981682339,0
24.206475770205447,36.2413512181479,0
24.1736973212803,36.29681751145344,0
24.14075767623969,36.35218822746465,0
24.107657113771143,36.40746289771479,0
24.074395913923635,36.46264105454971,0
24.040974358105228,36.51772223113185,0
24.007392729080685,36.572705961444115,0
23.973651310969064,36.62759178029391,0
23.93975038924134,36.68237922331698,0
23.905690250717964,36.7370678269814,0
23.871471183566463,36.79165712859148,0
23.837093477298982,36.84614666629168,0
23.802557422769834,36.900535979070526,0
23.767863312173052,36.95482460676449,0
23.733011439039906,37.009012090061894,0
23.69800209823643,37.06309797050681,0
23.662835585960924,37.1170817905029,0
23.62751219974142,37.17096309331736,0
23.592032238433223,37.2247414230847,0
23.55639600221633,37.27841632481064,0
23.520603792592922,37.331987344375975,0
23.48465591238479,37.38545402854038,0
23.448552665730784,37.43881592494629,0
23.412294358084246,37.49207258212269,0
23.375881296210416,37.54522354948894,0
23.33931378818384,37.5982683773586,0
23.30259214338577,37.65120661694322,0
23.265716672501526,37.70403782035618,0
23.22868768751789,37.75676154061638,0
23.19150550172046,37.809377331652165,0
23.154170429690993,37.86188474830496,0
23.116682787304754,37.914283346333114,0
23.079042891727827,37.96657268241566,0
23.041251061414446,38.01875231415602,0
23.003307616104298,38.070821800085795,0
22.965212876819812,38.12278069966848,0
22.92696716586347,38.17462857330316,0
22.888570806815018,38.22636498232831,0
22.85002412452879,38.27798948902542,0
22.81132744513095,38.32950165662276,0
22.772481096016687,38.38090104929903,0
22.733485405847517,38.43218723218705,0
22.694340704548427,38.48335977137752,0
22.655047323305144,38.53441823392259,0
22.6156055945613,38.585362187839536,0
22.57601585201563,38.63619120211449,0
22.536278430619156,38.68690484670599,0
22.496393666572324,38.737502692548716,0
22.456361897322193,38.787984311557025,0
22.416183461559573,38.838349276628634,0
22.37585869921614,38.888597161648214,0
22.335387951461588,38.938727541491,0
22.29477156070071,38.98873999202639,0
22.25400987057053,39.038634090121526,0
22.21310322593739,39.08840941364487,0
22.172051972894014,39.138065541469786,0
22.130856458756607,39.18760205347809,0
22.089517032061885,39.23701853056364,0
22.04803404256415,39.28631455463584,0
22.006407841232335,39.33548970862318,0
21.964638780247014,39.384543576476794,0
21.922727212997437,39.43347574317396,0
21.880673494078533,39.48228579472161,0
21.838477979287898,39.53097331815985,0
21.796141025622827,39.57953790156542,0
21.75366299127725,39.62797913405523,0
21.711044235638717,39.67629660578977,0
21.668285119285365,39.72448990797665,0
21.625386003982843,39.77255863287398,0
21.582347252681284,39.82050237379393,0
21.539169229512222,39.868320725106024,0
21.49585229978549,39.916013282240705,0
21.45239682998617,39.96357964169268,0
21.40880318777144,40.011019401024384,0
21.365071741967515,40.05833215886932,0
21.321202862566498,40.10551751493553,0
21.27719692072326,40.152575070008915,0
21.233054288752292,40.19950442595666,0
21.188775340124547,40.24630518573059,0
21.144360449464312,40.29297695337051,0
21.09980999254601,40.339519334007576,0
21.055124346291024,40.38593193386764,0
21.010303888764525,40.432214360274536,0
20.96534899917225,40.47836622165348,0
20.920260057857305,40.524387127534325,0
20.875037446296957,40.570276688554856,0
20.829681547099398,40.61603451646415,0
20.7841927440005,40.66166022412577,0
20.73857142186056,40.70715342552114,0
20.69281796666109,40.75251373575272,0
20.646932765501496,40.79774077104733,0
20.600916206595848,40.842834148759344,0
20.554768679269564,40.88779348737396,0
20.508490573956113,40.93261840651045,0
20.462082282193748,40.977308526925306,0
20.415544196622157,41.02186347051551,0
20.368876710979166,41.066282860321735,0
20.322080220097394,41.11056632053146,0
20.2751551199009,41.15471347648227,0
20.22810180740187,41.1987239546649,0
20.180920680697227,41.2425973827265,0
20.133612138965276,41.2863333894737,0
20.086176582462315,41.32993160487581,0
20.038614412519262,41.37339166006795,0
19.990926031538255,41.41671318735412,0
19.943111842989246,41.459895820210335,0
19.895172251406596,41.50293919328778,0
19.84710766238564,41.54584294241581,0
19.79891848257924,41.5886067046051,0
19.75060511969439,41.631230118050674,0
19.70216798248874,41.673712822135,0
19.65360748076713,41.716054457431014,0
19.604924025378132,41.758254665705174,0
19.556118028210577,41.80031308992049,0
19.507189902190063,41.84222937423955,0
19.458140061275472,41.88400316402751,0
19.40896892045545,41.92563410585511,0
19.359676895744926,41.96712184750167,0
19.310264404181552,42.00846603795807,0
19.260731863822205,42.04966632742969,0
19.211079693739443,42.0907223673394,0
19.161308314017955,42.13163381033051,0
19.111418145751017,42.172400310269694,0
19.0614096110369,42.21302152224992,0
19.011283132975343,42.25349710259337,0
18.96103913566394,42.293826708854375,0
18.91067804419456,42.33400999982224,0
18.86020028464978,42.37404663552422,0
18.809606284099196,42.413936277228345,0
18.75889647059592,42.453678587446284,0
18.708071273172884,42.49327322993621,0
18.65713112183924,42.53271986970566,0
18.606076447576704,42.572018173014335,0
18.55490768233592,42.61116780737699,0
18.503625259032805,42.65016844156613,0
18.452229611544894,42.68901974561495,0
18.400721174707652,42.72772139082002,0
18.349100384310816,42.76627304974412,0
18.297367677094666,42.804674396219,0
18.245523490746397,42.84292510534813,0
18.193568263896356,42.88102485350946,0
18.141502436114365,42.918973318358134,0
18.08932644790599,42.95677017882926,0
18.037040740708797,42.9944151151406,0
17.984645756888654,43.03190780879527,0
17.932141939735967,43.06924794258443,0
17.87952973346193,43.10643520059001,0
17.826809583194773,43.14346926818733,0
17.77398193497597,43.1803498320478,0
17.72104723575652,43.21707658014155,0
17.668005933393104,43.25364920174007,0
17.614858476644343,43.290067387418844,0
17.56160531516698,43.326330829059984,0
17.50824689951206,43.362439219854814,0
17.454783681121153,43.398392254306465,0
17.401216112322523,43.43418962823249,0
17.34754464632728,43.46983103876738,0
17.29376973722558,43.5053161843652,0
17.23989183998274,43.54064476480209,0
17.18591141043543,43.57581648117879,0
17.131828905287804,43.610831035923255,0
17.07764478210762,43.64568813279304,0
17.023359499322392,43.68038747687794,0
16.968973516215478,43.7149287746024,0
16.91448729292224,43.749311733728035,0
16.859901290426116,43.783536063356074,0
16.805215970554737,43.817601473929855,0
16.75043179597602,43.85150767723726,0
16.69554923019421,43.88525438641314,0
16.640568737546044,43.91884131594175,0
16.585490783196747,43.95226818165919,0
16.53031583313613,43.98553470075579,0
16.47504435417464,44.018640591778464,0
16.41967681393942,44.05158557463315,0
16.364213680870325,44.08436937058718,0
16.308655424215996,44.11699170227158,0
16.253002514029863,44.14945229368347,0
16.19725542116618,44.18175087018838,0
16.141414617276048,44.21388715852257,0
16.08548057480339,44.24586088679536,0
16.029453766981,44.27767178449141,0
15.97333466782651,44.30931958247301,0
15.917123752138389,44.34080401298236,0
15.860821495491933,44.372124809643864,0
15.804428374235211,44.403281707466334,0
15.747944865485072,44.434274442845265,0
15.691371447123096,44.46510275356506,0
15.63470859779154,44.49576637880124,0
15.577956796889307,44.52626505912265,0
15.521116524567853,44.55659853649368,0
15.464188261727179,44.5867665542764,0
15.407172490011725,44.616768857232785,0
15.350069691806302,44.64660519152684,0
15.292880350232023,44.67627530472673,0
15.235604949142179,44.705778945807,0
15.1782439731182,44.73511586515058,0
15.120797907465516,44.764285814551,0
15.06326723820946,44.79328854721442,0
15.005652452091175,44.822123817761764,0
14.947954036563445,44.85079138223078,0
14.890172479786631,44.879290998078076,0
14.832308270624514,44.90762242418122,0
14.77436189864015,44.93578542084076,0
14.71633385409175,44.96377974978223,0
14.658224627928497,44.99160517415821,0
14.600034711786437,45.01926145855029,0
14.54176459798429,45.04674836897108,0
14.483414779519293,45.07406567286618,0
14.42498575006304,45.10121313911617,0
14.36647800395726,45.12819053803855,0
14.307892036209703,45.15499764138967,0
14.249228342489896,45.181634222366675,0
14.190487419124988,45.208100055609435,0
14.131669763095529,45.23439491720242,0
14.072775872031245,45.260518584676646,0
14.013806244206881,45.28647083701149,0
13.95476137853795,45.31225145463662,0
13.895641774576514,45.33786021943383,0
13.836447932506976,45.363296914738854,0
13.7771803531418,45.38856132534326,0
13.717839537917342,45.413653237496234,0
13.658425988889563,45.43857243890637,0
13.598940208729788,45.46331871874352,0
13.539382700720475,45.487891867640535,0
13.4797539687509,45.512291677695046,0
13.42005451731297,45.53651794247123,0
13.360284851496905,45.560570457001546,0
13.300445476986976,45.5844490177885,0
13.240536900057238,45.608153422806296,0
13.180559627567213,45.631683471502654,0
13.120514166957644,45.65503896480038,0
13.060401026246183,45.67821970509917,0
13.000220714023087,45.701225496277175,0
12.93997373944693,45.72405614369275,0
12.879660612240267,45.746711454186055,0
12.819281842685356,45.7691912360807,0
12.758837941619825,45.79149529918534,0
12.698329420432348,45.813623454795334,0
12.637756791058328,45.835575515694295,0
12.577120565975532,45.85735129615572,0
12.516421258199813,45.87895061194452,0
12.455659381280723,45.900373280318576,0
12.394835449297187,45.92161912003033,0
12.333949976853159,45.94268795132828,0
12.273003479073232,45.963579595958535,0
12.211996471598333,45.98429387716627,0
12.150929470581323,46.00483061969726,0
12.089802992682648,46.02518964979936,0
12.028617555065965,46.045370795223974,0
11.967373675393736,46.0653738852275,0
11.906071871822906,46.085198750572786,0
11.844712663000472,46.10484522353056,0
11.783296568059116,46.12431313788084,0
11.721824106612818,46.14360232891437,0
11.660295798752422,46.162712633433955,0
11.598712165041281,46.18164388975592,0
11.537073726510844,46.200395937711406,0
11.475381004656223,46.218968618647764,0
11.413634521431813,46.2373617754299,0
11.351834799246834,46.255575252441574,0
11.289982360960959,46.27360889558675,0
11.22807772987986,46.291462552290874,0
11.166121429750795,46.30913607150219,0
11.104113984758175,46.32662930369299,0
11.042055919519093,46.34394210086091,0
10.979947759078954,46.36107431653015,0
10.917790028906982,46.37802580575274,0
10.855583254891783,46.394796425109746,0
10.793327963336917,46.41138603271249,0
10.731024680956406,46.42779448820378,0
10.668673934870315,46.444021652759034,0
10.606276252600278,46.46006738908751,0
10.543832162065035,46.47593156143346,0
10.481342191575973,46.49161403557724,0
10.418806869832615,46.50711467883649,0
10.35622672591822,46.522433360067225,0
10.29360228929525,46.537569949665,0
10.230934089800911,46.552524319565904,0
10.168222657642673,46.56729634324775,0
10.105468523393753,46.58188589573108,0
10.042672217988677,46.59629285358025,0
9.979834272718755,46.61051709490448,0
9.916955219227592,46.624558499358855,0
9.854035589506605,46.63841694814535,0
9.79107591589047,46.652092324013864,0
9.728076731052694,46.665584511263205,0
9.665038568001055,46.67889339574202,0
9.601961960073115,46.69201886484984,0
9.538847440931693,46.70496080753797,0
9.475695544560374,46.71771911431044,0
9.412506805258943,46.73029367722495,0
9.349281757638922,46.742684389893796,0
9.286020936619018,46.754891147484706,0
9.2227248774206,46.766913846721806,0
9.159394115563174,46.778752385886435,0
9.09602918685983,46.790406664818036,0
9.032630627412752,46.80187658491501,0
8.969198973608648,46.81316204913549,0
8.905734762114228,46.824262961998265,0
8.84223852987166,46.83517922958348,0
8.778710814094001,46.845910759533524,0
8.715152152260705,46.85645746105372,0
8.651563082113038,46.8668192449132,0
8.587944141649531,46.87699602344554,0
8.524295869121453,46.88698771054961,0
8.460618803028199,46.89679422169023,0
8.396913482112813,46.90641547389892,0
8.333180445357375,46.91585138577459,0
8.269420231978454,46.925101877484224,0
8.205633381422563,46.934166870763576,0
8.14182043336155,46.94304628891783,0
8.07798192768809,46.95174005682219,0
8.014118404511077,46.96024810092261,0
7.950230404151075,46.96857034923637,0
7.886318467135737,46.976706731352635,0
7.822383134195216,46.98465717843315,0
7.7584249462576285,46.99242162321277,0
7.694444444444448,47,0
0,47,0
94,3,1
86.30555555555556,3,1
86.24157505374237,3.0075783767872295,1
86.1776168658048,3.0153428215668434,1
86.11368153286426,3.023293268647361,1
86.04976959584893,3.0314296507636307,1
85.98588159548892,3.039751899077384,1
85.92201807231191,3.0482599431778077,1
85.85817956663846,3.0569537110821727,1
85.79436661857744,3.0658331292364203,1
85.73057976802154,3.0748981225157763,1
85.66681955464263,3.084148614225416,1
85.60308651788719,3.0935845261010826,1
85.5393811969718,3.1032057783097713,1
85.47570413087855,3.1130122894503884,1
85.41205585835047,3.1230039765544575,1
85.34843691788696,3.1331807550868014,1
85.2848478477393,3.1435425389462743,1
85.221289185906,3.154089240466476,1
85.15776147012835,3.1648207704165188,1
85.09426523788576,3.175737038001735,1
85.03080102639134,3.1868379508645077,1
84.96736937258724,3.1981234150849964,1
84.90397081314018,3.2095933351819603,1
84.84060588443683,3.2212476141135653,1
84.7772751225794,3.233086153278194,1
84.71397906338098,3.245108852515294,1
84.65071824236108,3.2573156101062075,1
84.58749319474106,3.269706322775047,1
84.52430445543963,3.2822808856895627,1
84.46115255906831,3.2950391924620313,1
84.39803803992689,3.307981135150154,1
84.33496143199895,3.3211066042579738,1
84.27192326894732,3.334415488736795,1
84.20892408410954,3.347907675986132,1
84.1459644104934,3.3615830518546517,1
84.08304478077241,3.375441500641145,1
84.02016572728124,3.389482905095516,1
83.95732778201133,3.4037071464197446,1
83.89453147660626,3.41811410426892,1
83.83177734235733,3.432703656752256,1
83.76906591019909,3.447475680434099,1
83.70639771070475,3.462430050335005,1
83.64377327408178,3.477566639932771,1
83.58119313016739,3.492885321163513,1
83.51865780842404,3.508385964422761,1
83.45616783793497,3.5240684385665375,1
83.39372374739972,3.5399326109124836,1
83.33132606512969,3.5559783472409627,1
83.2689753190436,3.57220551179622,1
83.2066720366631,3.588613967287504,1
83.14441674510822,3.6052035748902576,1
83.08220997109302,3.6219741942472616,1
83.02005224092105,3.63892568346985,1
82.95794408048091,3.656057899139089,1
82.89588601524183,3.6733706963070105,1
82.8338785702492,3.690863928497812,1
82.77192227012014,3.7085374477091264,1
82.71001763903905,3.7263911044132527,1
82.64816520075317,3.7444247475584262,1
82.58636547856818,3.7626382245701,1
82.52461899534377,3.781031381352232,1
82.46292627348916,3.7996040622885943,1
82.40128783495872,3.8183561102440784,1
82.33970420124759,3.837287366566045,1
82.27817589338719,3.8563976710856345,1
82.21670343194089,3.87568686211916,1
82.15528733699952,3.895154776469443,1
82.0939281281771,3.9148012494272137,1
82.03262632460627,3.934626114772499,1
81.97138244493404,3.954629204776026,1
81.91019700731735,3.974810350200638,1
81.84907052941868,3.9951693803027375,1
81.78800352840167,4.015706122833727,1
81.72699652092678,4.036420404041458,1
81.66605002314685,4.057312048671712,1
81.60516455070281,4.0783808799696715,1
81.54434061871927,4.099626719681428,1
81.48357874180019,4.121049388055486,1
81.42287943402447,4.1426487038442765,1
81.36224320894168,4.164424484305702,1
81.30167057956766,4.186376545204666,1
81.24116205838017,4.208504700814661,1
81.18071815731464,4.230808763919303,1
81.12033938775974,4.253288545813941,1
81.06002626055307,4.275943856307251,1
80.99977928597691,4.298774503722829,1
80.93959897375382,4.321780294900837,1
80.87948583304235,4.344961035199621,1
80.8194403724328,4.3683165284973455,1
80.75946309994276,4.3918465771936965,1
80.69955452301302,4.415550982211503,1
80.6397151485031,4.43942954299845,1
80.57994548268704,4.463482057528772,1
80.5202460312491,4.487708322304954,1
80.46061729927953,4.512108132359465,1
80.40105979127021,4.536681281256477,1
80.34157401111044,4.56142756109363,1
80.28216046208266,4.586346762503769,1
80.2228196468582,4.6114386746567355,1
80.16355206749303,4.636703085261143,1
80.10435822542348,4.6621397805661715,1
80.04523862146205,4.687748545363373,1
79.98619375579312,4.713529162988511,1
79.92722412796876,4.7394814153233575,1
79.86833023690448,4.765605082797581,1
79.80951258087501,4.791899944390568,1
79.7507716575101,4.818365777633325,1
79.69210796379029,4.84500235861033,1
79.63352199604275,4.871809461961448,1
79.57501424993697,4.898786860883824,1
79.5165852204807,4.925934327133817,1
79.4582354020157,4.953251631028923,1
79.39996528821356,4.9807385414497105,1
79.34177537207151,5.008394825841787,1
79.28366614590826,5.036220250217767,1
79.22563810135985,5.064214579159241,1
79.16769172937549,5.09237757581878,1
79.10982752021337,5.120709001921927,1
79.05204596343656,5.149208617769222,1
78.99434754790883,5.177876182238229,1
78.93673276179054,5.2067114527855765,1
78.87920209253448,5.235714185449002,1
78.8217560268818,5.264884134849417,1
78.76439505085783,5.294221054192999,1
78.70711964976798,5.323724695273263,1
78.6499303081937,5.353394808473162,1
78.59282750998827,5.383231142767212,1
78.53581173827283,5.413233445723598,1
78.47888347543216,5.443401463506319,1
78.4220432031107,5.473734940877343,1
78.36529140220846,5.5042336211987575,1
78.30862855287691,5.534897246434937,1
78.25205513451493,5.565725557154732,1
78.1955716257648,5.596718292533662,1
78.13917850450807,5.627875190356136,1
78.0828762478616,5.659195987017636,1
78.0266653321735,5.690680417526995,1
77.97054623301901,5.72232821550859,1
77.91451942519662,5.754139113204634,1
77.85858538272396,5.786112841477426,1
77.80274457883382,5.818249129811619,1
77.74699748597014,5.850547706316529,1
77.691344575784,5.88300829772842,1
77.63578631912968,5.915630629412817,1
77.58032318606058,5.948414425366845,1
77.52495564582536,5.9813594082215396,1
77.46968416686387,6.014465299244211,1
77.41450921680325,6.047731818340804,1
77.35943126245397,6.081158684058245,1
77.30445076980578,6.114745613586862,1
77.24956820402399,6.148492322762738,1
77.19478402944526,6.182398526070141,1
77.14009870957389,6.216463936643926,1
77.08551270707777,6.250688266271965,1
77.03102648378453,6.285071225397594,1
76.97664050067762,6.319612523122057,1
76.92235521789237,6.35431186720696,1
76.8681710947122,6.389168964076749,1
76.81408858956456,6.424183518821199,1
76.76010816001727,6.459355235197911,1
76.70623026277443,6.494683815634794,1
76.65245535367272,6.530168961232615,1
76.59878388767748,6.565810371767512,1
76.54521631887886,6.601607745693528,1
76.49175310048794,6.637560780145186,1
76.43839468483303,6.673669170940016,1
76.38514152335566,6.709932612581156,1
76.3319940666069,6.7463507982599324,1
76.27895276424348,6.782923419858449,1
76.22601806502402,6.819650167952194,1
76.17319041680523,6.856530731812665,1
76.12047026653806,6.893564799409987,1
76.06785806026403,6.930752057415567,1
76.01535424311135,6.968092191204732,1
75.96295925929121,7.005584884859395,1
75.91067355209401,7.043229821170733,1
75.85849756388563,7.081026681641866,1
75.80643173610365,7.118975146490541,1
75.7544765092536,7.157074894651867,1
75.70263232290534,7.195325603780994,1
75.65089961568918,7.233726950255875,1
75.59927882529234,7.272278609179978,1
75.5477703884551,7.310980254385051,1
75.4963747409672,7.349831558433866,1
75.44509231766409,7.388832192623013,1
75.3939235524233,7.427981826985658,1
75.34286887816076,7.467280130294345,1
75.29192872682711,7.506726770063789,1
75.24110352940409,7.546321412553716,1
75.19039371590081,7.586063722771652,1
75.13979971535022,7.6259533644757695,1
75.08932195580543,7.665990000177757,1
75.03896086433606,7.706173291145625,1
74.98871686702466,7.746502897406625,1
74.93859038896309,7.786978477750079,1
74.888581854249,7.827599689730302,1
74.83869168598204,7.868366189669487,1
74.78892030626056,7.909277632660597,1
74.7392681361778,7.950333672570313,1
74.68973559581846,7.9915339620419275,1
74.64032310425507,8.03287815249832,1
74.59103107954455,8.07436589414489,1
74.54185993872453,8.115996835972489,1
74.49281009780994,8.157770625760449,1
74.44388197178942,8.199686910079503,1
74.39507597462188,8.241745334294823,1
74.34639251923286,8.283945542568986,1
74.29783201751127,8.326287177864998,1
74.24939488030562,8.368769881949323,1
74.20108151742076,8.411393295394898,1
74.15289233761436,8.454157057584187,1
74.10482774859341,8.49706080671222,1
74.05688815701075,8.540104179789662,1
74.00907396846175,8.583286812645884,1
73.96138558748075,8.626608339932048,1
73.91382341753769,8.670068395124186,1
73.86638786103472,8.7136666105263,1
73.81907931930277,8.757402617273502,1
73.77189819259813,8.801276045335094,1
73.7248448800991,8.845286523517725,1
73.67791977990261,8.889433679468532,1
73.63112328902083,8.933717139678265,1
73.58445580337784,8.978136529484484,1
73.53791771780627,9.02269147307469,1
73.49150942604389,9.067381593489547,1
73.44523132073044,9.112206512626035,1
73.39908379340415,9.157165851240661,1
73.3530672344985,9.202259228952672,1
73.3071820333389,9.247486264247275,1
73.26142857813944,9.292846574478858,1
73.21580725599951,9.338339775874227,1
73.1703184529006,9.383965483535853,1
73.12496255370304,9.42972331144514,1
73.0797399421427,9.475612872465677,1
73.03465100082775,9.521633778346514,1
72.98969611123547,9.56778563972546,1
72.94487565370898,9.614068066132363,1
72.90019000745399,9.66048066599242,1
72.85563955053568,9.707023046629487,1
72.81122465987545,9.753694814269407,1
72.76694571124771,9.800495574043337,1
72.72280307927673,9.847424929991085,1
72.6787971374335,9.894482485064472,1
72.63492825803249,9.941667841130677,1
72.59119681222856,9.988980598975616,1
72.54760317001383,10.036420358307314,1
72.5041477002145,10.083986717759297,1
72.46083077048777,10.131679274893976,1
72.41765274731871,10.179497626206073,1
72.37461399601716,10.227441367126014,1
72.33171488071464,10.275510092023355,1
72.28895576436128,10.323703394210229,1
72.24633700872275,10.37202086594477,1
72.20385897437717,10.420462098434571,1
72.1615220207121,10.469026681840148,1
72.11932650592148,10.517714205278388,1
72.07727278700256,10.566524256826039,1
72.03536121975299,10.615456423523208,1
71.99359215876767,10.664510291376821,1
71.95196595743585,10.713685445364161,1
71.91048296793812,10.762981469436356,1
71.8691435412434,10.812397946521907,1
71.82794802710599,10.861934458530218,1
71.78689677406261,10.91159058635513,1
71.74599012942947,10.961365909878472,1
71.70522843929929,11.011260007973606,1
71.66461204853842,11.061272458508995,1
71.62414130078386,11.111402838351786,1
71.58381653844043,11.161650723371368,1
71.54363810267782,11.212015688442976,1
71.50360633342768,11.262497307451284,1
71.46372156938085,11.313095153294004,1
71.42398414798437,11.363808797885511,1
71.3843944054387,11.414637812160462,1
71.34495267669486,11.465581766077413,1
71.30565929545158,11.516640228622473,1
71.26651459415248,11.567812767812942,1
71.22751890398331,11.619098950700977,1
71.18867255486904,11.67049834337724,1
71.14997587547121,11.722010510974572,1
71.11142919318499,11.773635017671685,1
71.07303283413654,11.825371426696833,1
71.0347871231802,11.877219300331522,1
70.9966923838957,11.929178199914201,1
70.95874893858556,11.981247685843979,1
70.92095710827218,12.03342731758434,1
70.88331721269525,12.085716653666884,1
70.84582957030901,12.138115251695039,1
70.80849449827954,12.190622668347833,1
70.77131231248211,12.243238459383614,1
70.73428332749847,12.295962179643825,1
70.69740785661423,12.348793383056773,1
70.66068621181616,12.4017316226414,1
70.62411870378958,12.45477645051106,1
70.58770564191576,12.507927417877307,1
70.55144733426921,12.561184075053703,1
70.5153440876152,12.614545971459616,1
70.47939620740708,12.668012655624025,1
70.44360399778367,12.72158367518936,1
70.40796776156678,12.775258576915297,1
70.37248780025858,12.829036906682632,1
70.33716441403908,12.88291820949709,1
70.30199790176357,12.936902029493194,1
70.2669885609601,12.990987909938108,1
70.23213668782695,13.04517539323551,1
70.19744257723016,13.099464020929469,1
70.16290652270102,13.153853333708314,1
70.12852881643354,13.208342871408519,1
70.09430974928203,13.2629321730186,1
70.06024961075866,13.31762077668302,1
70.02634868903094,13.372408219706086,1
69.99260727091932,13.427294038555877,1
69.95902564189477,13.482277768868153,1
69.92560408607636,13.53735894545029,1
69.89234288622886,13.592537102285212,1
69.85924232376031,13.647811772535345,1
69.8263026787197,13.703182488546554,1
69.79352422979456,13.758648781852102,1
69.76090725430859,13.814210183176613,1
69.72845202821938,13.869866222440052,1
69.696158826116,13.925616428761694,1
69.66402792121671,13.9814603304641,1
69.63205958536668,14.037397455077132,1
69.60025408903557,14.093427329341921,1
69.56861170131543,14.149549479214885,1
69.53713268991827,14.205763429871752,1
69.50581732117385,14.262068705711552,1
69.47466586002743,14.318464830360666,1
69.4436785700375,14.374951326676829,1
69.41285571337363,14.431527716753193,1
69.38219755081411,14.488193521922355,1
69.35170434174388,14.544948262760418,1
69.3213763441523,14.601791459091025,1
69.29121381463091,14.658722629989454,1
69.26121700837129,14.715741293786657,1
69.23138617916297,14.772846968073358,1
69.20172157939115,14.830039169704117,1
69.1722234600347,14.887317414801426,1
69.14289207066392,14.944681218759806,1
69.11372765943854,15.002130096249898,1
69.08473047310551,15.059663561222578,1
69.05590075699698,15.117281126913067,1
69.02723875502825,15.174982305845038,1
68.9987447096956,15.232766609834758,1
68.97041886207435,15.290633549995214,1
68.94226145181679,15.34858263674023,1
68.91427271715006,15.406613379788645,1
68.8864528948743,15.464725288168422,1
68.85880222036049,15.522917870220839,1
68.83132092754857,15.581190633604614,1
68.80400924894542,15.63954308530009,1
68.77686741562286,15.697974731613414,1
68.74989565721573,15.756485078180686,1
68.72309420191996,15.815073629972181,1
68.69646327649062,15.873739891296491,1
68.67000310623999,15.932483365804753,1
68.64371391503568,15.991303556494845,1
68.61759592529872,16.050199965715567,1
68.59164935800167,16.10917209517089,1
68.56587443266679,16.168219445924134,1
68.54027136736411,16.2273415184022,1
68.51484037870968,16.28653781239983,1
68.48958168186364,16.345807827083775,1
68.46449549052849,16.4051510609971,1
68.4395820169472,16.46456701206337,1
68.41484147190148,16.52405517759094,1
68.39027406470996,16.58361505427719,1
68.36588000322641,16.64324613821277,1
68.34165949383804,16.702947924885894,1
68.31761274146368,16.762719909186583,1
68.29373994955209,16.82256158541094,1
68.27004132008024,16.882472447265464,1
68.24651705355157,16.94245198787127,1
68.22316734899432,17.00249969976843,1
68.19999240395987,17.06261507492026,1
68.17699241452098,17.122797604717583,1
68.15416757527024,17.183046779983083,1
68.13151807931833,17.24336209097557,1
68.10904411829247,17.303743027394304,1
68.08674588233475,17.36418907838334,1
68.0646235601005,17.424699732535807,1
68.04267733875676,17.485274477898265,1
68.02090740398063,17.54591280197503,1
67.99931393995776,17.606614191732497,1
67.97789712938072,17.6673781336035,1
67.95665715344752,17.728204113491635,1
67.93559419186005,17.789091616775647,1
67.91470842282257,17.850040128313733,1
67.89400002304016,17.911049132447936,1
67.8734691677173,17.972118113008506,1
67.85311603055632,18.033246553318243,1
67.83294078375597,18.094433936196907,1
67.81294359800994,18.155679743965557,1
67.79312464250542,18.216983458450933,1
67.77348408492168,18.278344560989883,1
67.75402209142867,18.339762532433696,1
67.73473882668554,18.40123685315253,1
67.71563445383936,18.462767003039794,1
67.6967091345236,18.524352461516543,1
67.6779630288569,18.585992707535915,1
67.65939629544164,18.647687219587482,1
67.64100909136258,18.70943547570173,1
67.62280157218561,18.771236953454416,1
67.60477389195634,18.833091129971017,1
67.5869262031989,18.894997481931156,1
67.56925865691454,18.95695548557302,1
67.55177140258043,19.018964616697794,1
67.53446458814837,19.0810243506741,1
67.51733836004354,19.14313416244242,1
67.50039286316324,19.20529352651957,1
67.48362824087572,19.2675019170031,1
67.46704463501891,19.3297588075758,1
67.45064218589923,19.3920636715101,1
67.43442103229043,19.454415981672554,1
67.41838131143241,19.516815210528307,1
67.40252315903004,19.57926083014552,1
67.38684670925201,19.6417523121999,1
67.3713520947297,19.70428912797909,1
67.35603944655611,19.766870748387216,1
67.34090889428465,19.829496643949323,1
67.32596056592811,19.892166284815858,1
67.31119458795762,19.95487914076717,1
67.29661108530144,20.017634681217974,1
67.28221018134403,20.08043237522185,1
67.26799199792498,20.143271691475753,1
67.25395665533796,20.206152098324466,1
67.24010427232966,20.26907306376514,1
67.22643496609889,20.332034055451782,1
67.2129488522955,20.39503454069973,1
67.19964604501943,20.458073986490213,1
67.18652665681977,20.521151859474816,1
67.17359079869374,20.58426762598001,1
67.16083858008582,20.64742075201168,1
67.14827010888683,20.710610703259604,1
67.13588549143293,20.77383694510202,1
67.12368483250481,20.837098942610123,1
67.11166823532675,20.90039616055258,1
67.09983580156577,20.963728063400104,1
67.08818763133081,21.027094115329916,1
67.07672382317176,21.090493780230357,1
67.06544447407877,21.15392652170536,1
67.05434967948133,21.217391803079,1
67.04343953324752,21.28088908740008,1
67.03271412768319,21.344417837446617,1
67.02217355353115,21.407977515730423,1
67.01181789997047,21.471567584501628,1
67.00164725461568,21.535187505753246,1
66.99166170351604,21.598836741225732,1
66.98186133115482,21.662514752411514,1
66.97224622044854,21.72622100055957,1
66.96281645274634,21.789954946679966,1
66.95357210782925,21.853716051548442,1
66.94451326390951,21.917503775710962,1
66.93563999762993,21.981317579488252,1
66.92695238406324,22.04515692298042,1
66.9184504967114,22.10902126607148,1
66.91013440750508,22.17291006843392,1
66.90200418680297,22.236822789533328,1
66.89405990339122,22.30075888863289,1
66.88630162448281,22.364717824798017,1
66.87872941571709,22.428699056900903,1
66.87134334115908,22.49270204362511,1
66.86414346329906,22.556726243470138,1
66.85712984305195,22.62077111475601,1
66.85030253975684,22.684836115627874,1
66.84366161117646,22.748920704060556,1
66.83720711349675,22.81302433786315,1
66.8309391013263,22.87714647468365,1
66.82485762769592,22.94128657201346,1
66.81896274405825,23.005444087192075,1
66.81325450028724,23.069618477411588,1
66.8077329446778,23.13380919972133,1
66.8023981239453,23.198015711032472,1
66.79725008322525,23.26223746812257,1
66.79228886607295,23.326473927640226,1
66.787514514463,23.39072454610962,1
66.78292706878904,23.45498877993516,1
66.7785265678634,23.519266085406056,1
66.77431304891672,23.583555918700917,1
66.77028654759772,23.647857735892373,1
66.76644709797279,23.712170992951656,1
66.76279473252579,23.7764951457532,1
66.75932948215777,23.84082965007928,1
66.75605137618662,23.905173961624566,1
66.75296044234693,23.969527536000772,1
66.75005670678972,24.033889828741238,1
66.74734019408217,24.09826029530553,1
66.7448109272075,24.16263839108408,1
66.74246892756466,24.227023571402757,1
66.74031421496828,24.29141529152749,1
66.73834680764841,24.355813006668892,1
66.73656672225042,24.420216171986837,1
66.73497397383477,24.48462424259511,1
66.73356857587703,24.54903667356597,1
66.7323505402676,24.613452919934794,1
66.73131987731176,24.67787243670469,1
66.7304765957295,24.742294678851078,1
66.7298207026554,24.80671910132634,1
66.72935220363871,24.87114515906439,1
66.72907110264319,24.93557230698532,1
66.7289774020471,25,1
66.72907110264319,25.064427693014675,1
66.72935220363871,25.12885484093561,1
66.7298207026554,25.19328089867366,1
66.7304765957295,25.257705321148915,1
66.73131987731176,25.32212756329531,1
66.7323505402676,25.386547080065203,1
66.73356857587703,25.45096332643403,1
66.73497397383477,25.51537575740489,1
66.73656672225042,25.579783828013156,1
66.73834680764841,25.644186993331108,1
66.74031421496828,25.708584708472507,1
66.74246892756466,25.772976428597243,1
66.7448109272075,25.83736160891592,1
66.74734019408217,25.901739704694464,1
66.75005670678972,25.966110171258762,1
66.75296044234693,26.03047246399922,1
66.75605137618662,26.09482603837543,1
66.75932948215777,26.15917034992072,1
66.76279473252579,26.223504854246794,1
66.76644709797279,26.287829007048344,1
66.77028654759772,26.352142264107624,1
66.77431304891672,26.41644408129908,1
66.7785265678634,26.480733914593944,1
66.78292706878904,26.545011220064836,1
66.787514514463,26.60927545389038,1
66.79228886607295,26.67352607235977,1
66.79725008322525,26.737762531877422,1
66.8023981239453,26.801984288967528,1
66.8077329446778,26.866190800278662,1
66.81325450028724,26.930381522588412,1
66.81896274405825,26.99455591280792,1
66.82485762769592,27.058713427986532,1
66.8309391013263,27.12285352531635,1
66.83720711349675,27.18697566213684,1
66.84366161117646,27.251079295939444,1
66.85030253975684,27.31516388437212,1
66.85712984305195,27.379228885243982,1
66.86414346329906,27.443273756529862,1
66.87134334115908,27.507297956374888,1
66.87872941571709,27.571300943099097,1
66.88630162448281,27.635282175201983,1
66.89405990339122,27.699241111367108,1
66.90200418680297,27.763177210466672,1
66.91013440750508,27.82708993156607,1
66.9184504967114,27.89097873392852,1
66.92695238406324,27.95484307701958,1
66.93563999762993,28.018682420511745,1
66.94451326390951,28.082496224289038,1
66.95357210782925,28.14628394845155,1
66.96281645274634,28.210045053320034,1
66.97224622044854,28.27377899944043,1
66.98186133115482,28.337485247588482,1
66.99166170351604,28.401163258774268,1
67.00164725461568,28.464812494246747,1
67.01181789997047,28.528432415498372,1
67.02217355353115,28.592022484269577,1
67.03271412768319,28.655582162553376,1
67.04343953324752,28.71911091259992,1
67.05434967948133,28.782608196920997,1
67.06544447407877,28.84607347829464,1
67.07672382317176,28.909506219769643,1
67.08818763133081,28.972905884670077,1
67.09983580156577,29.036271936599896,1
67.11166823532675,29.099603839447415,1
67.12368483250481,29.162901057389877,1
67.13588549143293,29.22616305489798,1
67.14827010888683,29.289389296740392,1
67.16083858008582,29.35257924798832,1
67.17359079869374,29.41573237401998,1
67.18652665681977,29.478848140525184,1
67.19964604501943,29.541926013509787,1
67.2129488522955,29.604965459300267,1
67.22643496609889,29.667965944548218,1
67.24010427232966,29.73092693623485,1
67.25395665533796,29.79384790167553,1
67.26799199792498,29.856728308524247,1
67.28221018134403,29.919567624778146,1
67.29661108530144,29.982365318782026,1
67.31119458795762,30.045120859232824,1
67.32596056592811,30.10783371518414,1
67.34090889428465,30.170503356050677,1
67.35603944655611,30.23312925161278,1
67.3713520947297,30.29571087202091,1
67.38684670925201,30.358247687800098,1
67.40252315903004,30.42073916985447,1
67.41838131143241,30.483184789471693,1
67.43442103229043,30.54558401832744,1
67.45064218589923,30.6079363284899,1
67.46704463501891,30.670241192424196,1
67.48362824087572,30.732498082996898,1
67.50039286316324,30.79470647348043,1
67.51733836004354,30.856865837557578,1
67.53446458814837,30.9189756493259,1
67.55177140258043,30.9810353833022,1
67.56925865691454,31.043044514426978,1
67.5869262031989,31.105002518068844,1
67.60477389195634,31.16690887002898,1
67.62280157218561,31.228763046545584,1
67.64100909136258,31.29056452429827,1
67.65939629544162,31.35231278041251,1
67.6779630288569,31.414007292464085,1
67.6967091345236,31.47564753848345,1
67.71563445383936,31.537232996960206,1
67.73473882668554,31.59876314684747,1
67.75402209142867,31.6602374675663,1
67.77348408492168,31.721655439010117,1
67.7931246425054,31.783016541549063,1
67.81294359800994,31.844320256034443,1
67.83294078375597,31.905566063803093,1
67.85311603055632,31.96675344668175,1
67.8734691677173,32.027881886991494,1
67.89400002304016,32.08895086755206,1
67.91470842282257,32.149959871686264,1
67.93559419186005,32.21090838322436,1
67.95665715344752,32.27179588650836,1
67.97789712938072,32.3326218663965,1
67.99931393995776,32.3933858082675,1
68.02090740398063,32.454087198024965,1
68.04267733875676,32.514725522101735,1
68.0646235601005,32.575300267464186,1
68.08674588233475,32.63581092161666,1
68.10904411829247,32.69625697260569,1
68.13151807931833,32.75663790902443,1
68.15416757527024,32.81695322001691,1
68.17699241452098,32.87720239528241,1
68.19999240395987,32.93738492507974,1
68.22316734899432,32.997500300231565,1
68.24651705355157,33.057548012128734,1
68.27004132008024,33.117527552734536,1
68.29373994955209,33.177438414589055,1
68.31761274146368,33.237280090813414,1
68.34165949383804,33.2970520751141,1
68.36588000322641,33.356753861787226,1
68.39027406470996,33.41638494572281,1
68.41484147190147,33.475944822409055,1
68.4395820169472,33.53543298793663,1
68.46449549052849,33.5948489390029,1
68.48958168186364,33.654192172916225,1
68.51484037870968,33.71346218760017,1
68.54027136736411,33.772658481597794,1
68.56587443266679,33.83178055407586,1
68.59164935800167,33.8908279048291,1
68.61759592529872,33.94980003428443,1
68.64371391503568,34.00869644350516,1
68.67000310623999,34.06751663419524,1
68.69646327649062,34.126260108703505,1
68.72309420191996,34.18492637002782,1
68.74989565721572,34.24351492181931,1
68.77686741562286,34.302025268386586,1
68.80400924894542,34.36045691469991,1
68.83132092754857,34.41880936639539,1
68.85880222036049,34.477082129779156,1
68.8864528948743,34.535274711831576,1
68.91427271715006,34.593386620211355,1
68.94226145181679,34.65141736325977,1
68.97041886207435,34.70936645000479,1
68.9987447096956,34.767233390165245,1
69.02723875502825,34.82501769415496,1
69.05590075699698,34.88271887308693,1
69.08473047310551,34.940336438777415,1
69.11372765943854,34.9978699037501,1
69.14289207066392,35.055318781240196,1
69.1722234600347,35.11268258519857,1
69.20172157939115,35.169960830295885,1
69.23138617916297,35.22715303192664,1
69.26121700837129,35.284258706213336,1
69.29121381463091,35.341277370010545,1
69.3213763441523,35.398208540908975,1
69.35170434174388,35.455051737239586,1
69.3821975508141,35.51180647807764,1
69.41285571337362,35.568472283246805,1
69.4436785700375,35.62504867332317,1
69.47466586002741,35.68153516963933,1
69.50581732117385,35.737931294288444,1
69.53713268991827,35.79423657012825,1
69.56861170131543,35.85045052078511,1
69.60025408903557,35.90657267065808,1
69.63205958536666,35.962602544922866,1
69.66402792121671,36.0185396695359,1
69.696158826116,36.0743835712383,1
69.72845202821938,36.13013377755995,1
69.76090725430859,36.18578981682339,1
69.79352422979456,36.2413512181479,1
69.8263026787197,36.29681751145344,1
69.85924232376031,36.35218822746465,1
69.89234288622886,36.40746289771479,1
69.92560408607636,36.46264105454971,1
69.95902564189477,36.51772223113185,1
69.99260727091931,36.572705961444115,1
70.02634868903094,36.62759178029391,1
70.06024961075866,36.68237922331698,1
70.09430974928203,36.7370678269814,1
70.12852881643354,36.79165712859148,1
70.16290652270102,36.84614666629168,1
70.19744257723016,36.900535979070526,1
70.23213668782695,36.95482460676449,1
70.2669885609601,37.009012090061894,1
70.30199790176357,37.06309797050681,1
70.33716441403908,37.1170817905029,1
70.37248780025858,37.17096309331736,1
70.40796776156678,37.2247414230847,1
70.44360399778367,37.27841632481064,1
70.47939620740708,37.331987344375975,1
70.5153440876152,37.38545402854038,1
70.55144733426921,37.43881592494629,1
70.58770564191576,37.49207258212269,1
70.62411870378958,37.54522354948894,1
70.66068621181616,37.5982683773586,1
70.69740785661423,37.65120661694322,1
70.73428332749847,37.70403782035618,1
70.77131231248211,37.75676154061638,1
70.80849449827954,37.809377331652165,1
70.84582957030901,37.86188474830496,1
70.88331721269525,37.914283346333114,1
70.92095710827218,37.96657268241566,1
70.95874893858556,38.01875231415602,1
70.9966923838957,38.070821800085795,1
71.0347871231802,38.12278069966848,1
71.07303283413653,38.17462857330316,1
71.11142919318499,38.22636498232831,1
71.14997587547121,38.27798948902542,1
71.18867255486904,38.32950165662276,1
71.22751890398331,38.38090104929903,1
71.26651459415248,38.43218723218705,1
71.30565929545158,38.48335977137752,1
71.34495267669486,38.53441823392259,1
71.3843944054387,38.585362187839536,1
71.42398414798437,38.63619120211449,1
71.46372156938085,38.68690484670599,1
71.50360633342768,38.737502692548716,1
71.5436381026778,38.787984311557025,1
71.58381653844043,38.838349276628634,1
71.62414130078386,38.888597161648214,1
71.66461204853842,38.938727541491,1
71.70522843929929,38.98873999202639,1
71.74599012942947,39.038634090121526,1
71.78689677406261,39.08840941364487,1
71.82794802710599,39.138065541469786,1
71.86914354124339,39.18760205347809,1
71.91048296793812,39.23701853056364,1
71.95196595743585,39.28631455463584,1
71.99359215876767,39.33548970862318,1
72.03536121975299,39.384543576476794,1
72.07727278700256,39.43347574317396,1
72.11932650592146,39.48228579472161,1
72.1615220207121,39.53097331815985,1
72.20385897437717,39.57953790156542,1
72.24633700872275,39.62797913405523,1
72.28895576436128,39.67629660578977,1
72.33171488071463,39.72448990797665,1
72.37461399601716,39.77255863287398,1
72.41765274731871,39.82050237379393,1
72.46083077048777,39.868320725106024,1
72.5041477002145,39.916013282240705,1
72.54760317001383,39.96357964169268,1
72.59119681222856,40.011019401024384,1
72.63492825803249,40.05833215886932,1
72.6787971374335,40.10551751493553,1
72.72280307927674,40.152575070008915,1
72.7669457112477,40.19950442595666,1
72.81122465987545,40.24630518573059,1
72.85563955053568,40.29297695337051,1
72.90019000745399,40.339519334007576,1
72.94487565370898,40.38593193386764,1
72.98969611123547,40.432214360274536,1
73.03465100082775,40.47836622165348,1
73.0797399421427,40.524387127534325,1
73.12496255370304,40.570276688554856,1
73.1703184529006,40.61603451646415,1
73.2158072559995,40.66166022412577,1
73.26142857813944,40.70715342552114,1
73.3071820333389,40.75251373575272,1
73.3530672344985,40.79774077104733,1
73.39908379340415,40.842834148759344,1
73.44523132073044,40.88779348737396,1
73.49150942604389,40.93261840651045,1
73.53791771780625,40.977308526925306,1
73.58445580337784,41.02186347051551,1
73.63112328902083,41.066282860321735,1
73.67791977990261,41.11056632053146,1
73.7248448800991,41.15471347648227,1
73.77189819259813,41.1987239546649,1
73.81907931930277,41.2425973827265,1
73.86638786103472,41.2863333894737,1
73.91382341753769,41.32993160487581,1
73.96138558748073,41.37339166006795,1
74.00907396846175,41.41671318735412,1
74.05688815701075,41.459895820210335,1
74.10482774859341,41.50293919328778,1
74.15289233761436,41.54584294241581,1
74.20108151742076,41.5886067046051,1
74.2493948803056,41.631230118050674,1
74.29783201751127,41.673712822135,1
74.34639251923286,41.716054457431014,1
74.39507597462188,41.758254665705174,1
74.44388197178942,41.80031308992049,1
74.49281009780994,41.84222937423955,1
74.54185993872453,41.88400316402751,1
74.59103107954455,41.92563410585511,1
74.64032310425507,41.96712184750167,1
74.68973559581845,42.00846603795807,1
74.7392681361778,42.04966632742969,1
74.78892030626056,42.0907223673394,1
74.83869168598204,42.13163381033051,1
74.88858185424898,42.172400310269694,1
74.93859038896309,42.21302152224992,1
74.98871686702466,42.25349710259337,1
75.03896086433606,42.293826708854375,1
75.08932195580545,42.33400999982224,1
75.13979971535022,42.37404663552422,1
75.1903937159008,42.413936277228345,1
75.24110352940409,42.453678587446284,1
75.29192872682711,42.49327322993621,1
75.34286887816076,42.53271986970566,1
75.3939235524233,42.572018173014335,1
75.44509231766408,42.61116780737699,1
75.4963747409672,42.65016844156613,1
75.5477703884551,42.68901974561495,1
75.59927882529234,42.72772139082002,1
75.65089961568918,42.76627304974412,1
75.70263232290533,42.804674396219,1
75.7544765092536,42.84292510534813,1
75.80643173610365,42.88102485350946,1
75.85849756388563,42.918973318358134,1
75.91067355209401,42.95677017882926,1
75.96295925929121,42.9944151151406,1
76.01535424311135,43.03190780879527,1
76.06785806026403,43.06924794258443,1
76.12047026653806,43.10643520059001,1
76.17319041680523,43.14346926818733,1
76.22601806502402,43.1803498320478,1
76.27895276424348,43.21707658014155,1
76.3319940666069,43.25364920174007,1
76.38514152335566,43.290067387418844,1
76.43839468483301,43.326330829059984,1
76.49175310048794,43.362439219854814,1
76.54521631887884,43.398392254306465,1
76.59878388767748,43.43418962823249,1
76.65245535367272,43.46983103876738,1
76.70623026277443,43.5053161843652,1
76.76010816001727,43.54064476480209,1
76.81408858956456,43.57581648117879,1
76.8681710947122,43.610831035923255,1
76.92235521789237,43.64568813279304,1
76.9766405006776,43.68038747687794,1
77.03102648378453,43.7149287746024,1
77.08551270707775,43.749311733728035,1
77.14009870957389,43.783536063356074,1
77.19478402944526,43.817601473929855,1
77.24956820402397,43.85150767723726,1
77.30445076980578,43.88525438641314,1
77.35943126245395,43.91884131594175,1
77.41450921680325,43.95226818165919,1
77.46968416686387,43.98553470075579,1
77.52495564582536,44.018640591778464,1
77.58032318606058,44.05158557463315,1
77.63578631912968,44.08436937058718,1
77.691344575784,44.11699170227158,1
77.74699748597014,44.14945229368347,1
77.80274457883382,44.18175087018838,1
77.85858538272396,44.21388715852257,1
77.9145194251966,44.24586088679536,1
77.97054623301901,44.27767178449141,1
78.0266653321735,44.30931958247301,1
78.0828762478616,44.34080401298236,1
78.13917850450807,44.372124809643864,1
78.19557162576479,44.403281707466334,1
78.25205513451493,44.434274442845265,1
78.30862855287691,44.46510275356506,1
78.36529140220846,44.49576637880124,1
78.42204320311069,44.52626505912265,1
78.47888347543214,44.55659853649368,1
78.53581173827283,44.5867665542764,1
78.59282750998827,44.616768857232785,1
78.6499303081937,44.64660519152684,1
78.70711964976798,44.67627530472673,1
78.76439505085781,44.705778945807,1
78.8217560268818,44.73511586515058,1
78.87920209253448,44.764285814551,1
78.93673276179054,44.79328854721442,1
78.99434754790883,44.822123817761764,1
79.05204596343656,44.85079138223078,1
79.10982752021337,44.879290998078076,1
79.16769172937549,44.90762242418122,1
79.22563810135985,44.93578542084076,1
79.28366614590826,44.96377974978223,1
79.34177537207151,44.99160517415821,1
79.39996528821356,45.01926145855029,1
79.4582354020157,45.04674836897108,1
79.5165852204807,45.07406567286618,1
79.57501424993696,45.10121313911617,1
79.63352199604275,45.12819053803855,1
79.69210796379029,45.15499764138967,1
79.7507716575101,45.181634222366675,1
79.80951258087501,45.208100055609435,1
79.86833023690447,45.23439491720242,1
79.92722412796876,45.260518584676646,1
79.98619375579312,45.28647083701149,1
80.04523862146205,45.31225145463662,1
80.10435822542348,45.33786021943383,1
80.16355206749303,45.363296914738854,1
80.2228196468582,45.38856132534326,1
80.28216046208266,45.413653237496234,1
80.34157401111044,45.43857243890637,1
80.40105979127021,45.46331871874352,1
80.46061729927952,45.487891867640535,1
80.5202460312491,45.512291677695046,1
80.57994548268704,45.53651794247123,1
80.6397151485031,45.560570457001546,1
80.69955452301302,45.5844490177885,1
80.75946309994276,45.608153422806296,1
80.81944037243278,45.631683471502654,1
80.87948583304235,45.65503896480038,1
80.93959897375382,45.67821970509917,1
80.99977928597691,45.701225496277175,1
81.06002626055307,45.72405614369275,1
81.12033938775973,45.746711454186055,1
81.18071815731464,45.7691912360807,1
81.24116205838017,45.79149529918534,1
81.30167057956766,45.813623454795334,1
81.36224320894168,45.835575515694295,1
81.42287943402447,45.85735129615572,1
81.48357874180019,45.87895061194452,1
81.54434061871927,45.900373280318576,1
81.60516455070281,45.92161912003033,1
81.66605002314684,45.94268795132828,1
81.72699652092678,45.963579595958535,1
81.78800352840167,45.98429387716627,1
81.84907052941868,46.00483061969726,1
81.91019700731735,46.02518964979936,1
81.97138244493404,46.045370795223974,1
82.03262632460627,46.0653738852275,1
82.0939281281771,46.085198750572786,1
82.15528733699952,46.10484522353056,1
82.21670343194089,46.12431313788084,1
82.27817589338719,46.14360232891437,1
82.33970420124757,46.162712633433955,1
82.40128783495872,46.18164388975592,1
82.46292627348916,46.200395937711406,1
82.52461899534377,46.218968618647764,1
82.58636547856818,46.2373617754299,1
82.64816520075317,46.255575252441574,1
82.71001763903904,46.27360889558675,1
82.77192227012014,46.291462552290874,1
82.8338785702492,46.30913607150219,1
82.89588601524183,46.32662930369299,1
82.9579440804809,46.34394210086091,1
83.02005224092105,46.36107431653015,1
83.08220997109302,46.37802580575274,1
83.14441674510822,46.394796425109746,1
83.20667203666308,46.41138603271249,1
83.26897531904359,46.42779448820378,1
83.33132606512969,46.444021652759034,1
83.39372374739972,46.46006738908751,1
83.45616783793497,46.47593156143346,1
83.51865780842402,46.49161403557724,1
83.58119313016738,46.50711467883649,1
83.64377327408178,46.522433360067225,1
83.70639771070475,46.537569949665,1
83.76906591019909,46.552524319565904,1
83.83177734235733,46.56729634324775,1
83.89453147660625,46.58188589573108,1
83.95732778201132,46.59629285358025,1
84.02016572728124,46.61051709490448,1
84.08304478077241,46.624558499358855,1
84.14596441049339,46.63841694814535,1
84.20892408410953,46.652092324013864,1
84.2719232689473,46.665584511263205,1
84.33496143199895,46.67889339574202,1
84.39803803992689,46.69201886484984,1
84.46115255906831,46.70496080753797,1
84.52430445543962,46.71771911431044,1
84.58749319474106,46.73029367722495,1
84.65071824236108,46.742684389893796,1
84.71397906338098,46.754891147484706,1
84.7772751225794,46.766913846721806,1
84.84060588443683,46.778752385886435,1
84.90397081314018,46.790406664818036,1
84.96736937258724,46.80187658491501,1
85.03080102639134,46.81316204913549,1
85.09426523788576,46.824262961998265,1
85.15776147012834,46.83517922958348,1
85.221289185906,46.845910759533524,1
85.2848478477393,46.85645746105372,1
85.34843691788696,46.8668192449132,1
85.41205585835047,46.87699602344554,1
85.47570413087854,46.88698771054961,1
85.5393811969718,46.89679422169023,1
85.60308651788719,46.90641547389892,1
85.66681955464263,46.91585138577459,1
85.73057976802154,46.925101877484224,1
85.79436661857744,46.934166870763576,1
85.85817956663846,46.94304628891783,1
85.92201807231191,46.95174005682219,1
85.98588159548892,46.96024810092261,1
86.04976959584893,46.96857034923637,1
86.11368153286426,46.976706731352635,1
86.17761686580478,46.98465717843315,1
86.24157505374237,46.99242162321277,1
86.30555555555556,47,1
94,47,1